MAE_median,RMSE_median,MeanPinball,CRPS_approx,Cov_80,Width_80,Cov_90,Width_90,Cov_95,Width_95,Model,Target,LeadTime,Fold
0.05721478668651875,0.08258478306867434,0.01886934386983665,0.0377386877396733,0.6720430107526881,0.13552241774034002,0.8145161290322581,0.18781999589934273,0.9193548387096774,0.30677803719620184,Bootstrap,swh,1h,1
0.034305913389651804,0.052740498238271795,0.011679552570714237,0.023359105141428475,0.9568452380952381,0.16719754343054216,0.9836309523809523,0.2548920799711709,0.9925595238095238,0.3391762703594532,Bootstrap,swh,1h,2
0.032018870985123085,0.04682055211669551,0.010526482626884773,0.021052965253769547,0.7647849462365591,0.10428467265355644,0.875,0.13661805570375354,0.9193548387096774,0.1668521335378257,Bootstrap,swh,1h,3
0.022214565441423105,0.03156059844468641,0.007340992769788713,0.014681985539577426,0.9125,0.10257849823411799,0.9722222222222222,0.14839173591018495,0.9861111111111112,0.18666711908084158,Bootstrap,swh,1h,4
0.0202526637831292,0.02917798192659217,0.0064418364279405504,0.012883672855881101,0.831989247311828,0.06853321623730757,0.9260752688172043,0.09979253639665409,0.9623655913978495,0.12509098688459325,Bootstrap,swh,1h,5
0.017016187606179307,0.023213519635003555,0.0053634515540961,0.0107269031081922,0.8386648122392212,0.05879179111717557,0.9388038942976356,0.09370576605546255,0.972183588317107,0.12118317712237658,Bootstrap,swh,1h,6
0.14703575395863513,0.20963089188675432,0.04768931524359451,0.09537863048718902,0.7513440860215054,0.4191600203812429,0.8400537634408602,0.5641671459220444,0.9193548387096774,0.7520905269284208,Bootstrap,swh,3h,1
0.10037014027907713,0.15656447312678348,0.03388019116922329,0.06776038233844658,0.9211309523809523,0.44983579300862786,0.9747023809523809,0.6895266382737884,0.9910714285714286,0.8821020795421443,Bootstrap,swh,3h,2
0.09124427163437347,0.1326071764110085,0.029914151562138534,0.05982830312427707,0.7889784946236559,0.30775787789905706,0.885752688172043,0.41591187189883705,0.9475806451612904,0.5292262019271585,Bootstrap,swh,3h,3
0.06632424637964579,0.09390883983503212,0.02157729305299534,0.04315458610599068,0.8888888888888888,0.2902682730896345,0.9541666666666667,0.3961373198310421,0.9916666666666667,0.5474821856970887,Bootstrap,swh,3h,4
0.05521802255219217,0.08010071315461167,0.01802275587977654,0.03604551175955308,0.8440860215053764,0.20157440233462665,0.9059139784946236,0.2877329305817651,0.9489247311827957,0.36583247345610687,Bootstrap,swh,3h,5
0.043502737560662724,0.06125911705186963,0.014056818543118061,0.028113637086236123,0.8605299860529986,0.16142575341998644,0.9553695955369595,0.2785359927241813,0.9776847977684798,0.3514265196971252,Bootstrap,swh,3h,6
0.2823309916999462,0.37391273019745536,0.08878524271303304,0.17757048542606607,0.6868279569892473,0.7376606154242811,0.8172043010752689,1.016780421188647,0.9166666666666666,1.506625659202946,Bootstrap,swh,6h,1
0.195386981528535,0.2878940901156834,0.0661492955310603,0.1322985910621206,0.9166666666666666,0.919659531356082,0.9747023809523809,1.2682890853064535,0.9821428571428571,1.5592331933788302,Bootstrap,swh,6h,2
0.15919123846879213,0.22360266129421688,0.05082891683005794,0.10165783366011588,0.8400537634408602,0.6470890122887066,0.9381720430107527,0.8245349032426422,0.978494623655914,1.0572097033578776,Bootstrap,swh,6h,3
0.122447889318356,0.1733853936077949,0.03950693991660985,0.0790138798332197,0.875,0.5035667179874364,0.9347222222222222,0.6940998808628965,0.9694444444444444,0.8368531046726818,Bootstrap,swh,6h,4
0.10497480366317155,0.15285219290245788,0.03417009599211885,0.0683401919842377,0.8548387096774194,0.3926816892841623,0.9045698924731183,0.5397676374793797,0.9529569892473119,0.7000408124353371,Bootstrap,swh,6h,5
0.07829364656007964,0.11208396485069166,0.026106081630071793,0.052212163260143586,0.8683473389355743,0.3146937871696701,0.9551820728291317,0.5441764797200097,0.9845938375350141,0.7072355181755746,Bootstrap,swh,6h,6
0.5247569612807744,0.6745595290036952,0.16038304605771694,0.3207660921154339,0.6505376344086021,1.226347693644672,0.8131720430107527,1.7395240825307008,0.9005376344086021,2.5361391292803415,Bootstrap,swh,12h,1
0.3543130763444188,0.505317041187246,0.11644379197770954,0.2328875839554191,0.8824404761904762,1.4937877276301563,0.9627976190476191,1.998660621729317,0.9836309523809523,2.417352484766106,Bootstrap,swh,12h,2
0.2965699997964506,0.3812156460106818,0.08965597671686393,0.17931195343372786,0.8548387096774194,1.1262335841897595,0.9502688172043011,1.4842714272234931,0.9771505376344086,1.837326669821255,Bootstrap,swh,12h,3
0.21689728490161456,0.2955864053169863,0.06837513406809914,0.13675026813619828,0.8777777777777778,0.9424757823639125,0.9625,1.2369544162542696,0.9861111111111112,1.411712042601723,Bootstrap,swh,12h,4
0.1815374150562658,0.2647918604229954,0.059238135528419465,0.11847627105683893,0.8669354838709677,0.6854597345489384,0.918010752688172,0.9554474719571824,0.946236559139785,1.128334666524568,Bootstrap,swh,12h,5
0.1272622773595831,0.19106301351636623,0.04304963048207301,0.08609926096414602,0.8757062146892656,0.5230322949037153,0.9463276836158192,0.8069425437853155,0.9717514124293786,1.1615159640011272,Bootstrap,swh,12h,6
0.7828494259673062,0.9901536261578219,0.2282298149067241,0.4564596298134482,0.6424731182795699,1.7976030459479009,0.8575268817204301,2.687242766290205,0.9354838709677419,3.372179417715462,Bootstrap,swh,24h,1
0.49560558099755864,0.6586465512710598,0.15956907788415467,0.31913815576830934,0.9032738095238095,2.1539243607089844,0.9464285714285714,2.663373892372174,0.9717261904761905,3.111780122684444,Bootstrap,swh,24h,2
0.494415064473619,0.6226506776822993,0.145681725284768,0.291363450569536,0.8064516129032258,1.7002664388651192,0.9341397849462365,2.2726588193238255,0.9825268817204301,2.7833913829893864,Bootstrap,swh,24h,3
0.33565954449716884,0.431366165933209,0.10596431452859788,0.21192862905719576,0.9125,1.5163062641156235,0.9416666666666667,1.8530649378486204,0.9638888888888889,2.1055492492046324,Bootstrap,swh,24h,4
0.3186828903775926,0.4042541770885351,0.09484082358283584,0.18968164716567168,0.8279569892473119,1.1141357319053695,0.9301075268817204,1.3732501520615745,0.9583333333333334,1.6317130689289694,Bootstrap,swh,24h,5
0.21241595106980893,0.3001825315088529,0.0710975930873455,0.142195186174691,0.8735632183908046,0.9861485619735326,0.9454022988505747,1.2990947527877188,0.9841954022988506,1.4831465771956098,Bootstrap,swh,24h,6
0.9866028819597066,1.192386638309081,0.2825678763011541,0.5651357526023082,0.7473118279569892,2.714133100152847,0.956989247311828,3.67239092847074,0.9798387096774194,4.536414904484069,Bootstrap,swh,48h,1
0.746787302353799,0.8890847215587001,0.21447040197393466,0.4289408039478693,0.8794642857142857,2.7364248134991667,0.9523809523809523,3.3064734820705763,0.9598214285714286,3.785635625471187,Bootstrap,swh,48h,2
0.5737492676328271,0.7515349700110637,0.17707883048319345,0.3541576609663869,0.8051075268817204,1.8591945725341052,0.8682795698924731,2.4059346544746316,0.9126344086021505,2.7152629581993426,Bootstrap,swh,48h,3
0.4622915322175686,0.524574497859,0.14163795954623332,0.28327591909246663,0.8680555555555556,1.911167256484126,0.9513888888888888,2.7235638643623603,1.0,2.9686985917079496,Bootstrap,swh,48h,4
0.4519092671449142,0.5529653512733945,0.13279450529766315,0.2655890105953263,0.6129032258064516,1.23911925385579,0.7782258064516129,1.5090997115557336,0.9247311827956989,1.780050982155177,Bootstrap,swh,48h,5
0.41212746220381485,0.4809337494036447,0.11956795910257963,0.23913591820515925,0.6770833333333334,1.373842853516647,0.8139880952380952,1.6303385008712765,0.9047619047619048,1.8823177867917071,Bootstrap,swh,48h,6
0.09551457661641742,0.13069474650700535,0.030221319792302845,0.06044263958460569,0.8118279569892473,0.2958540928404698,0.8938172043010753,0.3994884534357457,0.9395161290322581,0.5326070014976327,Bootstrap,mwp,1h,1
0.08879840767789987,0.1302815565017895,0.028212618237756573,0.056425236475513146,0.8244047619047619,0.27952154510593985,0.9270833333333334,0.4115958625039102,0.9702380952380952,0.5672760953795581,Bootstrap,mwp,1h,2
0.09322190089446043,0.14169879937098454,0.03164525723470854,0.06329051446941708,0.7795698924731183,0.26054633838747243,0.8346774193548387,0.35030559557286267,0.8924731182795699,0.46234084082413496,Bootstrap,mwp,1h,3
0.07212101007755614,0.10260321081544962,0.023510588491129532,0.047021176982259064,0.8569444444444444,0.2782672185396615,0.95,0.45195843714233774,0.9861111111111112,0.5848666015487574,Bootstrap,mwp,1h,4
0.07299343465382921,0.100813044256847,0.02300351655983555,0.0460070331196711,0.8306451612903226,0.23213157021114483,0.9153225806451613,0.3434299635639544,0.9543010752688172,0.4323407128050434,Bootstrap,mwp,1h,5
0.07300329346762555,0.1021525280285308,0.023513368176140526,0.04702673635228105,0.7593880389429764,0.217220460569612,0.8929068150208623,0.30969240542749615,0.9485396383866481,0.4174565516839186,Bootstrap,mwp,1h,6
0.27797846847243474,0.38396258043426346,0.08915617059529718,0.17831234119059436,0.7903225806451613,0.8170015002912193,0.885752688172043,1.1596942068738478,0.9153225806451613,1.4415952051591603,Bootstrap,mwp,3h,1
0.26997545137537343,0.37910668771859174,0.08516711823475598,0.17033423646951196,0.7901785714285714,0.8328168129343432,0.9285714285714286,1.229608665917116,0.9717261904761905,1.6137802889389385,Bootstrap,mwp,3h,2
0.27883516620754556,0.4112984227272155,0.0933080517287126,0.1866161034574252,0.7836021505376344,0.8311879726247611,0.8373655913978495,1.0720295102527435,0.8884408602150538,1.3604494546942612,Bootstrap,mwp,3h,3
0.21075224266992043,0.2858430981826554,0.06719302353393941,0.13438604706787882,0.8902777777777777,0.8760426508923587,0.9513888888888888,1.2369477345629776,0.9888888888888889,1.7173589614188447,Bootstrap,mwp,3h,4
0.19671671856737802,0.27393277023177587,0.06223896866204222,0.12447793732408444,0.8279569892473119,0.622782308941611,0.9166666666666666,0.9732141992663994,0.9596774193548387,1.1842807957461468,Bootstrap,mwp,3h,5
0.17778042930506485,0.22854856955689754,0.05485705215366094,0.10971410430732188,0.7907949790794979,0.5746251649568244,0.9470013947001394,0.8888811940363439,0.9874476987447699,1.2287058533536488,Bootstrap,mwp,3h,6
0.5220268749139776,0.6920713499208855,0.16282362978239406,0.3256472595647881,0.7446236559139785,1.4306667583891899,0.864247311827957,2.0242271188856824,0.9220430107526881,2.505702883048808,Bootstrap,mwp,6h,1
0.5177954125595049,0.6950349874508536,0.1611522956186857,0.3223045912373714,0.7678571428571429,1.5878165478316077,0.9032738095238095,2.220529705040608,0.9598214285714286,2.8981046247221784,Bootstrap,mwp,6h,2
0.5248631019613109,0.7256393323726856,0.1689495814704603,0.3378991629409206,0.7661290322580645,1.5439112336914513,0.8508064516129032,2.059337901550863,0.9126344086021505,2.577358161507565,Bootstrap,mwp,6h,3
0.4093355206507386,0.5394562910027908,0.1290329945196795,0.258065989039359,0.8930555555555556,1.7730818645250281,0.9680555555555556,2.453694298208298,0.9833333333333333,3.156490432668013,Bootstrap,mwp,6h,4
0.3577175047528652,0.49576145567311153,0.11537963532757657,0.23075927065515314,0.8387096774193549,1.2575040820196655,0.9206989247311828,1.9391542286069468,0.9489247311827957,2.308421784501934,Bootstrap,mwp,6h,5
0.32174000889916227,0.41026468812663885,0.09862916299320189,0.19725832598640378,0.7913165266106442,1.0195682667150372,0.9313725490196079,1.5032060717091582,0.9929971988795518,2.301280183137458,Bootstrap,mwp,6h,6
0.7994440380235049,1.0854644249164587,0.25215728738614324,0.5043145747722865,0.7970430107526881,2.5920255613731316,0.8790322580645161,3.3876778080034664,0.9448924731182796,4.352255931580431,Bootstrap,mwp,12h,1
0.8144454666234987,1.099212423883871,0.25335941371174775,0.5067188274234955,0.7708333333333334,2.4796229747602596,0.9092261904761905,3.4027033373893336,0.9627976190476191,4.421954723980683,Bootstrap,mwp,12h,2
0.86495374962935,1.1577190577858816,0.27443564796068726,0.5488712959213745,0.7553763440860215,2.6411276954818574,0.8440860215053764,3.458256239346042,0.918010752688172,4.461343032282982,Bootstrap,mwp,12h,3
0.6965864956485378,0.895932437975637,0.21617769580455187,0.43235539160910375,0.8930555555555556,2.9661155686424787,0.9597222222222223,3.9636893241785174,0.9916666666666667,4.70545282354911,Bootstrap,mwp,12h,4
0.5973089032303011,0.8176867113150071,0.19400440530976035,0.3880088106195207,0.793010752688172,2.0313328873293446,0.8938172043010753,2.8538038132709636,0.9233870967741935,3.665937725260289,Bootstrap,mwp,12h,5
0.537736508694951,0.691301616556721,0.16586818696981592,0.33173637393963185,0.8305084745762712,1.8954991393031975,0.96045197740113,2.858655131818373,0.998587570621469,3.687792188719619,Bootstrap,mwp,12h,6
1.075854796235405,1.345619169229047,0.3234090314473757,0.6468180628947514,0.8508064516129032,3.7481817760134244,0.9301075268817204,5.207368855986444,0.9583333333333334,6.301496332852955,Bootstrap,mwp,24h,1
1.0837907056083649,1.3915189030556825,0.32761740606706646,0.6552348121341329,0.7872023809523809,3.1201403791251687,0.9017857142857143,4.409124787868861,0.9523809523809523,5.862365400802794,Bootstrap,mwp,24h,2
1.1346145619570749,1.5017195292747543,0.3591317753304037,0.7182635506608074,0.7083333333333334,3.1037911993545397,0.8239247311827957,4.317420709658452,0.946236559139785,5.810990620898335,Bootstrap,mwp,24h,3
1.142379106825018,1.4256103780389244,0.34340422155167977,0.6868084431033595,0.8111111111111111,3.997365568218888,0.9097222222222222,5.127792208862743,0.9763888888888889,5.826009964400707,Bootstrap,mwp,24h,4
0.909087957232027,1.1623761078346972,0.2826839434116059,0.5653678868232118,0.8198924731182796,3.6043069289721656,0.9099462365591398,4.718659857083725,0.9247311827956989,5.181614391412779,Bootstrap,mwp,24h,5
0.7808383001627756,0.9914824129805018,0.23872996098880517,0.47745992197761034,0.8376436781609196,2.9814666644987606,0.9583333333333334,4.077736613718279,0.9755747126436781,4.92694053995318,Bootstrap,mwp,24h,6
1.1759884543744072,1.4025217957092604,0.351737726773739,0.703475453547478,0.8736559139784946,4.662570771291458,0.9690860215053764,5.649780434879163,1.0,6.501215494477746,Bootstrap,mwp,48h,1
1.095438193151532,1.4374690955687979,0.3344785663277708,0.6689571326555416,0.7514880952380952,3.280994583399409,0.8913690476190477,4.471741937098815,0.9107142857142857,5.1112013285849835,Bootstrap,mwp,48h,2
1.3892957823367786,1.7047131930218764,0.4201182624230604,0.8402365248461208,0.6666666666666666,3.367532679755243,0.8467741935483871,4.824877293344032,0.9220430107526881,6.15150753737383,Bootstrap,mwp,48h,3
1.5384810893202232,1.7750086004784174,0.4312981142955969,0.8625962285911938,0.7805555555555556,4.588193531393612,0.9013888888888889,5.580311140529872,0.9805555555555555,6.367628648555046,Bootstrap,mwp,48h,4
1.1258834530838036,1.3269126135720746,0.3406402670039903,0.6812805340079806,0.9126344086021505,4.687989773255829,0.9596774193548387,5.475281749255592,0.9865591397849462,5.909356939288517,Bootstrap,mwp,48h,5
0.9183716960426006,1.1687350422585463,0.29841521223822526,0.5968304244764505,0.7708333333333334,3.5213098576378754,0.8883928571428571,4.710099893978828,0.9092261904761905,5.145484313238626,Bootstrap,mwp,48h,6
