MAE_median,RMSE_median,MeanPinball,CRPS_approx,Cov_80,Width_80,Cov_90,Width_90,Cov_95,Width_95,Model,Target,LeadTime,Fold,CrossingRate_before_fix,SelectedMinSamplesLeaf
0.056369732415791365,0.07962778414430488,0.01715313425538228,0.03430626851076456,0.7795698924731183,0.1817687068288721,0.9099462365591398,0.24333120443229642,0.9650537634408602,0.30050243845935043,QR,swh,1h,1,0.0,
0.05967741935483871,0.08627288538520182,0.01890061517783292,0.03780123035566584,0.8615591397849462,0.23838709677419354,0.9408602150537635,0.3147311827956989,0.9744623655913979,0.38547043010752685,QRF,swh,1h,1,,20.0
0.03608565193383909,0.05257043172299369,0.010905883889049882,0.021811767778099764,0.8020833333333334,0.11280764325883885,0.9226190476190477,0.15350096350801112,0.9702380952380952,0.1930675321287468,QR,swh,1h,2,0.0,
0.0378125,0.05744692167143345,0.011505637591575095,0.02301127518315019,0.8720238095238095,0.1255357142857143,0.9553571428571429,0.1671875,0.9821428571428571,0.20605654761904763,QRF,swh,1h,2,,20.0
0.03339441486689384,0.04793566892341111,0.01014209557551953,0.02028419115103906,0.7916666666666666,0.1087827885013821,0.918010752688172,0.14746056725861476,0.9731182795698925,0.18523593118180737,QR,swh,1h,3,0.0013440860215053765,
0.034502688172043015,0.05002015722718451,0.010616573614557487,0.021233147229114974,0.9018817204301075,0.12463709677419353,0.9583333333333334,0.16661290322580646,0.9852150537634409,0.20604838709677417,QRF,swh,1h,3,,20.0
0.023144581323429538,0.0322489932451623,0.007024261450874609,0.014048522901749218,0.7972222222222223,0.07364360282266538,0.9041666666666667,0.09819828714456151,0.9597222222222223,0.12260652674346824,QR,swh,1h,4,0.0,
0.023083333333333334,0.033507876354340604,0.007347943376068376,0.014695886752136752,0.8888888888888888,0.08675,0.9486111111111111,0.11593055555555555,0.9763888888888889,0.1447361111111111,QRF,swh,1h,4,,20.0
0.022133431656401283,0.03411478145378875,0.006752907987837508,0.013505815975675016,0.7862903225806451,0.07084361157555051,0.9126344086021505,0.09455032403435538,0.9650537634408602,0.11719992408408571,QR,swh,1h,5,0.0,
0.021733870967741934,0.031071803765589656,0.0067470533498759306,0.013494106699751861,0.9059139784946236,0.08571236559139785,0.9663978494623656,0.11489247311827956,0.9852150537634409,0.14233870967741935,QRF,swh,1h,5,,20.0
0.01649708709114087,0.025225048358040597,0.00502518033140277,0.01005036066280554,0.8011126564673157,0.054292493676097744,0.9123783031988874,0.07159610872903446,0.9513212795549374,0.08768598435708554,QR,swh,1h,6,0.006954102920723227,
0.016634214186369956,0.025507368920821002,0.005143602225312934,0.010287204450625868,0.9179415855354659,0.062253129346314336,0.9652294853963839,0.08300417246175243,0.9819193324061196,0.10349095966620306,QRF,swh,1h,6,,20.0
0.15538809707176446,0.21795483467606697,0.04739864349364754,0.09479728698729507,0.8185483870967742,0.524257910964762,0.9193548387096774,0.6970994574826909,0.967741935483871,0.8602728219745092,QR,swh,3h,1,0.0,
0.16489247311827954,0.22867018555867938,0.050957066790736145,0.10191413358147229,0.8494623655913979,0.627002688172043,0.928763440860215,0.8213306451612903,0.9717741935483871,1.018508064516129,QRF,swh,3h,1,,20.0
0.10669811396995144,0.1614646075576087,0.032829017518016895,0.06565803503603379,0.8080357142857143,0.3175299703400111,0.9122023809523809,0.42485313536499936,0.9627976190476191,0.5372364149899904,QR,swh,3h,2,0.0,
0.11002976190476191,0.16333758497867742,0.03372647664835165,0.0674529532967033,0.8482142857142857,0.35848214285714286,0.9345238095238095,0.476889880952381,0.9806547619047619,0.5889880952380951,QRF,swh,3h,2,,20.0
0.09454562103503693,0.133722543236693,0.028948472242884698,0.057896944485769396,0.8051075268817204,0.3243411816233589,0.9260752688172043,0.4310556511081083,0.978494623655914,0.5385384557900535,QR,swh,3h,3,0.0,
0.09560483870967741,0.13763702849489026,0.02951793837882548,0.05903587675765096,0.875,0.34635752688172045,0.9556451612903226,0.4620564516129032,0.9771505376344086,0.5709677419354839,QRF,swh,3h,3,,20.0
0.0691207002860197,0.0948866146141729,0.021092632208423803,0.042185264416847605,0.7569444444444444,0.22182944101645152,0.8861111111111111,0.2937391114514204,0.95,0.36772598569222853,QR,swh,3h,4,0.001388888888888889,
0.06790277777777777,0.09215551469602289,0.02067550747863248,0.04135101495726496,0.8666666666666667,0.24704166666666666,0.9458333333333333,0.33055555555555555,0.9805555555555555,0.4172638888888888,QRF,swh,3h,4,,20.0
0.06512825748416347,0.09082914306388053,0.020006364733482482,0.040012729466964964,0.793010752688172,0.2279740489432282,0.8951612903225806,0.3017458613153576,0.956989247311828,0.36883861402897977,QR,swh,3h,5,0.0,
0.06088709677419355,0.083424681116291,0.018636993382961122,0.037273986765922244,0.8911290322580645,0.23946236559139786,0.956989247311828,0.3182661290322581,0.9879032258064516,0.39771505376344085,QRF,swh,3h,5,,20.0
0.04657079880279935,0.06706214570982934,0.014087615185858333,0.028175230371716667,0.8382147838214784,0.1686239561779891,0.9470013947001394,0.22519878314458214,0.9707112970711297,0.2795822085691283,QR,swh,3h,6,0.0041841004184100415,
0.04479776847977685,0.0646652144368129,0.013591031005256948,0.027182062010513895,0.9121338912133892,0.17507670850767085,0.9665271966527197,0.23615062761506275,0.9874476987447699,0.3027057182705718,QRF,swh,3h,6,,20.0
0.29107335278026925,0.39293030904819193,0.08719192701818941,0.17438385403637882,0.8077956989247311,0.9626125809917725,0.918010752688172,1.2674334897314175,0.9731182795698925,1.579387318797072,QR,swh,6h,1,0.0,
0.30654569892473127,0.40663168587431703,0.09082141749379653,0.18164283498759307,0.8561827956989247,1.0669220430107527,0.9193548387096774,1.4153494623655913,0.9704301075268817,1.7190188172043008,QRF,swh,6h,1,,20.0
0.2062869148399446,0.30144435888298476,0.06351082368031696,0.12702164736063393,0.7931547619047619,0.5943405732613316,0.8973214285714286,0.7970436669929545,0.9538690476190477,0.9950467591404942,QR,swh,6h,2,0.0,
0.20159226190476195,0.299228422462713,0.06384403617216118,0.12768807234432236,0.8303571428571429,0.6448660714285714,0.9181547619047619,0.8671130952380953,0.9613095238095238,1.0791369047619048,QRF,swh,6h,2,,20.0
0.17165507286953918,0.23688721784793249,0.052914632482993676,0.10582926496598735,0.8077956989247311,0.5928403576956863,0.9193548387096774,0.781730726092857,0.9650537634408602,0.9624375494783322,QR,swh,6h,3,0.002688172043010753,
0.16193548387096773,0.22967485198516752,0.050646427832919776,0.10129285566583955,0.831989247311828,0.5972043010752689,0.9529569892473119,0.8123790322580646,0.9838709677419355,1.0181586021505376,QRF,swh,6h,3,,20.0
0.13168085372041355,0.17937596570601477,0.04043936112390153,0.08087872224780306,0.7680555555555556,0.4176630491181334,0.8777777777777778,0.5416518498854211,0.9375,0.6757923469114848,QR,swh,6h,4,0.009722222222222222,
0.12855555555555556,0.17356714998972458,0.03948640491452993,0.07897280982905985,0.8416666666666667,0.4494444444444444,0.9277777777777778,0.6115277777777777,0.9652777777777778,0.7739305555555556,QRF,swh,6h,4,,20.0
0.11901998774685513,0.16417572420500287,0.036907856370927875,0.07381571274185575,0.8024193548387096,0.42134966253293304,0.8884408602150538,0.5543455536000729,0.946236559139785,0.6804518441338188,QR,swh,6h,5,0.020161290322580645,
0.11565860215053764,0.15655352240158663,0.03550948614557486,0.07101897229114972,0.8467741935483871,0.42549731182795697,0.9435483870967742,0.5722715053763441,0.978494623655914,0.7182930107526881,QRF,swh,6h,5,,20.0
0.08355037003177901,0.11947901401568584,0.02580411306739256,0.05160822613478512,0.8431372549019608,0.3185312347825663,0.9411764705882353,0.41991584827676653,0.9747899159663865,0.5247003787557798,QR,swh,6h,6,0.04481792717086835,
0.07903361344537815,0.11118599250792335,0.02436137147166559,0.04872274294333118,0.8991596638655462,0.3200140056022409,0.9649859943977591,0.43309523809523803,0.9873949579831933,0.5374089635854342,QRF,swh,6h,6,,20.0
0.5127601541988347,0.6655301412167753,0.15028952277940533,0.30057904555881065,0.7983870967741935,1.583417026883319,0.9126344086021505,2.0793090534871848,0.9704301075268817,2.569884203436127,QR,swh,12h,1,0.002688172043010753,
0.5611290322580645,0.7123107181137912,0.16362525847808104,0.3272505169561621,0.8024193548387096,1.622822580645161,0.907258064516129,2.1078629032258065,0.9583333333333334,2.5068279569892473,QRF,swh,12h,1,,40.0
0.367022678320886,0.5176962532951478,0.11224115103191973,0.22448230206383946,0.7633928571428571,0.9946627592606809,0.8869047619047619,1.3417865207347588,0.9494047619047619,1.6627766324962872,QR,swh,12h,2,0.0,
0.3740178571428571,0.5346232540860189,0.11613584592490844,0.23227169184981689,0.8318452380952381,1.1060863095238094,0.9032738095238095,1.5045982142857144,0.9523809523809523,1.8444791666666667,QRF,swh,12h,2,,40.0
0.30673395133539555,0.3994547288744599,0.09097477809854462,0.18194955619708925,0.8024193548387096,0.9248489252679114,0.896505376344086,1.2273414212811615,0.9610215053763441,1.5064919513299508,QR,swh,12h,3,0.006720430107526882,
0.2979301075268817,0.39691552688685655,0.08961698717948718,0.17923397435897437,0.8360215053763441,0.9850672043010753,0.9206989247311828,1.3073387096774194,0.9690860215053764,1.6146505376344085,QRF,swh,12h,3,,20.0
0.2271098949597197,0.30050619873024453,0.06933430046538212,0.13866860093076425,0.7736111111111111,0.7115035551580541,0.8819444444444444,0.9382288861264332,0.9347222222222222,1.1398243854720367,QR,swh,12h,4,0.019444444444444445,
0.23545833333333338,0.30066615853615597,0.07079238782051284,0.14158477564102567,0.7833333333333333,0.7607777777777778,0.8875,1.0144444444444445,0.9458333333333333,1.2625416666666667,QRF,swh,12h,4,,20.0
0.2018547510158489,0.27900287641590954,0.06319613410520698,0.12639226821041397,0.7956989247311828,0.675627666528711,0.8709677419354839,0.8823484682482925,0.9448924731182796,1.080686888751678,QR,swh,12h,5,0.01478494623655914,
0.20806451612903226,0.26895006931574905,0.06395556761786601,0.12791113523573203,0.7862903225806451,0.7496370967741935,0.9018817204301075,0.9971908602150539,0.9690860215053764,1.2346639784946236,QRF,swh,12h,5,,40.0
0.1380414976973098,0.18994730683820277,0.04366004525889712,0.08732009051779424,0.844632768361582,0.5610537578164819,0.9152542372881356,0.7484545292794359,0.9378531073446328,0.9214646777654768,QR,swh,12h,6,0.05367231638418079,
0.1324858757062147,0.19187154365756462,0.043642302259887,0.087284604519774,0.8375706214689266,0.56795197740113,0.9322033898305084,0.7519209039548023,0.9689265536723164,0.9283474576271186,QRF,swh,12h,6,,40.0
0.7633095900961349,0.9706487971552067,0.22175898794142976,0.4435179758828595,0.8010752688172043,2.3112519615531966,0.896505376344086,2.9436498219640237,0.9543010752688172,3.560042216305502,QR,swh,24h,1,0.0013440860215053765,
0.8641801075268818,1.0703425614842808,0.24274010028949544,0.4854802005789909,0.8051075268817204,2.320376344086022,0.9206989247311828,2.9741532258064516,0.9744623655913979,3.517029569892473,QRF,swh,24h,1,,40.0
0.5417780036585226,0.7304327711382254,0.16152433193437554,0.3230486638687511,0.8125,1.550811516678643,0.9077380952380952,2.01571959008948,0.9494047619047619,2.3835812856441607,QR,swh,24h,2,0.002976190476190476,
0.5301041666666667,0.7206050078794571,0.16306404532967037,0.32612809065934073,0.8526785714285714,1.819672619047619,0.9122023809523809,2.2809077380952383,0.9345238095238095,2.639404761904762,QRF,swh,24h,2,,20.0
0.5026514030472314,0.6362325105846948,0.14649761527767763,0.29299523055535526,0.7432795698924731,1.3516285426148993,0.8870967741935484,1.7659967242489027,0.9408602150537635,2.0912819326892937,QR,swh,24h,3,0.026881720430107527,
0.48951612903225805,0.6080247412906036,0.14290609491315137,0.28581218982630274,0.8158602150537635,1.5639381720430108,0.8924731182795699,1.96877688172043,0.9637096774193549,2.4458198924731183,QRF,swh,24h,3,,40.0
0.33246808235353575,0.4236488666902111,0.1001871520840289,0.2003743041680578,0.8055555555555556,1.1009428821207263,0.9125,1.4455846306717373,0.9444444444444444,1.7640269034318916,QR,swh,24h,4,0.041666666666666664,
0.37380555555555556,0.47243400479737785,0.11044738247863248,0.22089476495726496,0.7375,1.0015277777777778,0.8527777777777777,1.316138888888889,0.9,1.6400277777777776,QRF,swh,24h,4,,20.0
0.31518699433169517,0.41266255621463427,0.09384420544972771,0.18768841089945543,0.782258064516129,0.9869974184234361,0.8938172043010753,1.2734405394708848,0.9637096774193549,1.5738702772735598,QR,swh,24h,5,0.06989247311827956,
0.3766397849462366,0.4598664485887554,0.11179593155500414,0.22359186311000828,0.6370967741935484,1.0141666666666667,0.8118279569892473,1.3328091397849462,0.928763440860215,1.6271370967741934,QRF,swh,24h,5,,40.0
0.23328066667436823,0.30728856125186954,0.07211028447336382,0.14422056894672763,0.8160919540229885,0.8650342165683548,0.8908045977011494,1.1310550006681686,0.9497126436781609,1.4295833834941996,QR,swh,24h,6,0.1724137931034483,
0.26044540229885055,0.3315448427567841,0.07892324270557029,0.15784648541114057,0.7270114942528736,0.8500718390804597,0.8419540229885057,1.065014367816092,0.896551724137931,1.2560344827586207,QRF,swh,24h,6,,40.0
0.8708549817099049,1.0732683791849587,0.24705476218440497,0.49410952436880995,0.853494623655914,2.759644706127849,0.9771505376344086,3.6112516310205733,0.9959677419354839,4.243484055291696,QR,swh,48h,1,0.005376344086021506,
1.2393010752688172,1.5295382851015524,0.351794432382134,0.703588864764268,0.6532258064516129,2.6076612903225804,0.8360215053763441,3.4461021505376346,0.9583333333333334,4.112137096774194,QRF,swh,48h,1,,40.0
0.58171976785082,0.763649465076279,0.17342937579797393,0.34685875159594787,0.9002976190476191,2.029134976426785,0.9434523809523809,2.589931398337529,0.9598214285714286,2.9697944980335413,QR,swh,48h,2,0.0,
0.7770535714285713,0.9659377383070372,0.21526302083333335,0.4305260416666667,0.8407738095238095,2.2179315476190475,0.9151785714285714,2.8759970238095236,0.9627976190476191,3.324002976190477,QRF,swh,48h,2,,20.0
0.6629405904944348,0.8342700371865841,0.1892127006586866,0.3784254013173732,0.8118279569892473,1.7483390656241444,0.8763440860215054,2.2178185470008285,0.9314516129032258,2.567555460153091,QR,swh,48h,3,0.0,
0.8534139784946237,1.0888888980323312,0.2462278742762614,0.4924557485525228,0.6532258064516129,1.7080376344086021,0.8252688172043011,2.1863978494623657,0.8709677419354839,2.4977419354838712,QRF,swh,48h,3,,20.0
0.4354248992979554,0.5432576637325145,0.1284863425513153,0.2569726851026306,0.8347222222222223,1.5029259288822348,0.9180555555555555,1.9079308117602927,0.9583333333333334,2.308277695852233,QR,swh,48h,4,0.004166666666666667,
0.3964583333333333,0.5221412910101803,0.12100846688034189,0.24201693376068378,0.7708333333333334,1.2473611111111111,0.8666666666666667,1.5301805555555557,0.9263888888888889,1.787763888888889,QRF,swh,48h,4,,40.0
0.39806004006689877,0.4920173558251666,0.11434370710119235,0.2286874142023847,0.7956989247311828,1.2468607518139934,0.9233870967741935,1.5978561210802584,0.9637096774193549,1.9151475443819141,QR,swh,48h,5,0.025537634408602152,
0.4890994623655914,0.5772828689236223,0.1426668992969396,0.2853337985938792,0.6048387096774194,1.2371505376344087,0.8131720430107527,1.5926478494623657,0.9059139784946236,1.9067069892473116,QRF,swh,48h,5,,40.0
0.4058859031613796,0.49939201061037886,0.11845537839341148,0.23691075678682297,0.7410714285714286,1.2252467617712386,0.875,1.5482390458699924,0.9627976190476191,1.9210388779343428,QR,swh,48h,6,0.047619047619047616,
0.4495238095238095,0.5186380401268949,0.13534449404761906,0.2706889880952381,0.5357142857142857,1.0397172619047619,0.6413690476190477,1.3130059523809525,0.7872023809523809,1.5335416666666666,QRF,swh,48h,6,,40.0
0.10507845810576973,0.14567273927870508,0.03306902609771528,0.06613805219543056,0.7110215053763441,0.26016325456145056,0.8346774193548387,0.3722790040768158,0.9059139784946236,0.47691027896288296,QR,mwp,1h,1,0.006720430107526882,
0.10850806451612906,0.14835975963707243,0.03425452336641852,0.06850904673283705,0.7809139784946236,0.3161021505376344,0.8803763440860215,0.43756720430107526,0.9301075268817204,0.5666263440860215,QRF,mwp,1h,1,,20.0
0.0884392512812447,0.13808212630242514,0.028717783227588792,0.057435566455177584,0.8169642857142857,0.26843569026393876,0.9047619047619048,0.3785827022764829,0.9508928571428571,0.4838813451726054,QR,mwp,1h,2,0.0,
0.09697916666666667,0.1411121851915128,0.030752089056776552,0.061504178113553104,0.7961309523809523,0.2969047619047619,0.9166666666666666,0.4161458333333333,0.9642857142857143,0.5431994047619048,QRF,mwp,1h,2,,20.0
0.10028595428067401,0.15079353870662388,0.03209183445722157,0.06418366891444315,0.7983870967741935,0.28723422223426165,0.875,0.40064416779468504,0.9274193548387096,0.5096652453256412,QR,mwp,1h,3,0.0,
0.10040322580645164,0.15256058200857686,0.032510545905707205,0.06502109181141441,0.8185483870967742,0.3058198924731183,0.9086021505376344,0.4230241935483871,0.9422043010752689,0.5498118279569891,QRF,mwp,1h,3,,20.0
0.07958070189232241,0.11097717519368698,0.024780535000828056,0.04956107000165611,0.7930555555555555,0.2536555567242265,0.8972222222222223,0.3476377032352717,0.9458333333333333,0.4326988855976219,QR,mwp,1h,4,0.0,
0.08113888888888887,0.11015015004781226,0.025031463675213673,0.05006292735042735,0.8305555555555556,0.26556944444444447,0.9208333333333333,0.36693055555555554,0.9625,0.4708333333333333,QRF,mwp,1h,4,,20.0
0.07556145347998455,0.1066116909245927,0.024267203483074044,0.04853440696614809,0.803763440860215,0.24213629909547862,0.8790322580645161,0.33121182075214334,0.9247311827956989,0.41267239744270234,QR,mwp,1h,5,0.0,
0.077741935483871,0.1058097298207078,0.02399837158808933,0.04799674317617866,0.8615591397849462,0.2721774193548387,0.9408602150537635,0.3745967741935484,0.9663978494623656,0.4777016129032258,QRF,mwp,1h,5,,20.0
0.0634652489104044,0.0877094170450404,0.019788957974270712,0.039577915948541424,0.7858136300417247,0.20239633539764834,0.8720445062586927,0.27367776052931486,0.9318497913769124,0.3402131735389739,QR,mwp,1h,6,0.008344923504867872,
0.06521557719054244,0.08985771475645117,0.02055247673050177,0.04110495346100354,0.8887343532684284,0.24919332406119604,0.952712100139082,0.3420166898470098,0.9763560500695411,0.4366898470097357,QRF,mwp,1h,6,,20.0
0.29937526607478177,0.4090770922186748,0.09482032651474702,0.18964065302949404,0.7110215053763441,0.7659507411765856,0.831989247311828,1.0984832431386704,0.8938172043010753,1.3819673532923935,QR,mwp,3h,1,0.005376344086021506,
0.2959408602150537,0.40433969802364134,0.09263138440860214,0.18526276881720427,0.8051075268817204,0.8960618279569893,0.8924731182795699,1.2205376344086023,0.9354838709677419,1.5529435483870968,QRF,mwp,3h,1,,20.0
0.26385955416709755,0.38448648793845536,0.08348345485691563,0.16696690971383127,0.7976190476190477,0.776681171096581,0.9211309523809523,1.1116197415088305,0.9568452380952381,1.4243659633370112,QR,mwp,3h,2,0.0,
0.2800595238095238,0.3888249238777928,0.08696288347069597,0.17392576694139195,0.7782738095238095,0.8139880952380952,0.8973214285714286,1.1287202380952381,0.9583333333333334,1.4539136904761905,QRF,mwp,3h,2,,20.0
0.2822731421067111,0.4189436895233505,0.0914790223701798,0.1829580447403596,0.7956989247311828,0.7887559209191249,0.8669354838709677,1.108718422557018,0.918010752688172,1.4019879594369158,QR,mwp,3h,3,0.006720430107526882,
0.28337365591397856,0.4187826379513152,0.09059196650124071,0.18118393300248142,0.8024193548387096,0.8714381720430107,0.896505376344086,1.2007123655913978,0.9395161290322581,1.538548387096774,QRF,mwp,3h,3,,20.0
0.22658655331776323,0.3078657980248312,0.06997136250725976,0.13994272501451951,0.7888888888888889,0.7188607586423721,0.8986111111111111,0.9985985178974812,0.95,1.2372498419560793,QR,mwp,3h,4,0.002777777777777778,
0.21959722222222225,0.29663974596956644,0.06754492521367522,0.13508985042735044,0.85,0.7450138888888889,0.9305555555555556,1.0298888888888889,0.9597222222222223,1.3053055555555557,QRF,mwp,3h,4,,20.0
0.2126740782737872,0.29445926064698913,0.06764990038535126,0.13529980077070253,0.7916666666666666,0.6767794350124766,0.8951612903225806,0.9317148189285379,0.928763440860215,1.1522475221378208,QR,mwp,3h,5,0.008064516129032258,
0.20568548387096772,0.2825224798363897,0.0645990488006617,0.1291980976013234,0.8669354838709677,0.7366129032258064,0.9314516129032258,1.0120295698924733,0.9663978494623656,1.2878763440860217,QRF,mwp,3h,5,,20.0
0.17653061062597886,0.23586160637328704,0.054000768707500105,0.10800153741500021,0.7907949790794979,0.5811805575604749,0.9079497907949791,0.7942034170057495,0.9553695955369595,0.9889438839151633,QR,mwp,3h,6,0.005578800557880056,
0.17326359832635985,0.22850096667469308,0.053666961699388484,0.10733392339877697,0.8716875871687587,0.6705299860529986,0.9539748953974896,0.9149511854951186,0.9832635983263598,1.1588145048814504,QRF,mwp,3h,6,,20.0
0.5337750697532784,0.7178934423496459,0.16658157707336446,0.3331631541467289,0.7137096774193549,1.362774118437534,0.8454301075268817,1.9486524478369784,0.9059139784946236,2.4878243261593074,QR,mwp,6h,1,0.005376344086021506,
0.5310887096774194,0.7124038324083521,0.16299744106699754,0.3259948821339951,0.7849462365591398,1.5521639784946235,0.8978494623655914,2.1155376344086023,0.9301075268817204,2.684422043010753,QRF,mwp,6h,1,,20.0
0.5268669665914661,0.7125653582958552,0.16297457639295904,0.3259491527859181,0.7619047619047619,1.512431621495137,0.9226190476190477,2.147046438892018,0.9627976190476191,2.738875717225769,QR,mwp,6h,2,0.011904761904761904,
0.536889880952381,0.7101264768301757,0.16428811813186814,0.3285762362637363,0.7351190476190477,1.5139880952380953,0.8839285714285714,2.1113541666666666,0.9508928571428571,2.686636904761905,QRF,mwp,6h,2,,20.0
0.5138801287321961,0.7193987037378795,0.16363661834980603,0.32727323669961206,0.7876344086021505,1.4720262444849326,0.8548387096774194,2.0082410206345656,0.9099462365591398,2.5643880507982306,QR,mwp,6h,3,0.024193548387096774,
0.5244623655913978,0.7299038823155791,0.16701413875103388,0.33402827750206776,0.7849462365591398,1.5454166666666667,0.8763440860215054,2.1355241935483873,0.9314516129032258,2.719744623655914,QRF,mwp,6h,3,,40.0
0.40577733122992904,0.5478735180747861,0.12621028827373232,0.25242057654746464,0.8069444444444445,1.3351895411960937,0.9027777777777778,1.8299351612358123,0.9527777777777777,2.2890915187850562,QR,mwp,6h,4,0.002777777777777778,
0.3906944444444444,0.5345236716512708,0.12169161324786325,0.2433832264957265,0.8472222222222222,1.3345694444444445,0.9152777777777777,1.8291249999999997,0.9569444444444445,2.314777777777778,QRF,mwp,6h,4,,20.0
0.37222714327693485,0.5102129932088262,0.1177338963530204,0.2354677927060408,0.821236559139785,1.1993827059307305,0.9005376344086021,1.6488443670706336,0.9502688172043011,2.1299906352233413,QR,mwp,6h,5,0.0013440860215053765,
0.36505376344086027,0.5036274331267603,0.1147530500413565,0.229506100082713,0.864247311827957,1.2789784946236558,0.9247311827956989,1.7710080645161288,0.9556451612903226,2.243225806451613,QRF,mwp,6h,5,,40.0
0.30622249605502083,0.40413600292656837,0.092781792411092,0.185563584822184,0.819327731092437,1.037530183041359,0.9327731092436975,1.4422317307464811,0.9761904761904762,1.827339614547484,QR,mwp,6h,6,0.0070028011204481795,
0.3077591036414566,0.39928823227960875,0.09523303167420813,0.19046606334841626,0.8795518207282913,1.1822549019607842,0.9509803921568627,1.6249579831932774,0.9775910364145658,2.0253221288515406,QRF,mwp,6h,6,,20.0
0.8522154321334106,1.12865821923617,0.25914175784369786,0.5182835156873957,0.7567204301075269,2.268971749498034,0.8588709677419355,3.1265708030472763,0.9274193548387096,3.974244258521888,QR,mwp,12h,1,0.0,
0.862271505376344,1.1166594647496855,0.25879792183622824,0.5175958436724565,0.7836021505376344,2.555766129032258,0.896505376344086,3.4664247311827956,0.9516129032258065,4.253629032258064,QRF,mwp,12h,1,,40.0
0.8581416521821404,1.142062244330567,0.26150246519078146,0.5230049303815629,0.7738095238095238,2.5250826557103307,0.9136904761904762,3.3924856926566727,0.9568452380952381,4.178280859125072,QR,mwp,12h,2,0.0,
0.8801041666666668,1.1668840146181747,0.27116706730769236,0.5423341346153847,0.7663690476190477,2.491175595238095,0.8839285714285714,3.3615476190476192,0.9345238095238095,4.237410714285714,QRF,mwp,12h,2,,40.0
0.8479896743970385,1.1457658314233352,0.2681211853911566,0.5362423707823132,0.7311827956989247,2.3183062735294784,0.8118279569892473,3.082791498545149,0.8736559139784946,3.7514045763007116,QR,mwp,12h,3,0.006720430107526882,
0.8818145161290322,1.1853204389576486,0.2775783964019851,0.5551567928039702,0.739247311827957,2.5340322580645163,0.8387096774193549,3.3858333333333333,0.9005376344086021,4.189153225806451,QRF,mwp,12h,3,,40.0
0.6605323558245548,0.891863312557731,0.2061279227124603,0.4122558454249206,0.7902777777777777,2.1753039674324994,0.8958333333333334,2.904448918941655,0.9486111111111111,3.5078158568027593,QR,mwp,12h,4,0.0,
0.6666805555555555,0.8965389469138154,0.20847174145299147,0.41694348290598293,0.8125,2.1799166666666667,0.9138888888888889,2.906763888888889,0.95,3.591944444444444,QRF,mwp,12h,4,,20.0
0.6006576409533703,0.8189045560866175,0.18892420399011042,0.37784840798022085,0.8077956989247311,1.9505604931549607,0.8870967741935484,2.6375279072883444,0.9529569892473119,3.224223878820146,QR,mwp,12h,5,0.006720430107526882,
0.6209005376344087,0.8487246124285164,0.19544104114971053,0.39088208229942106,0.8131720430107527,1.9465860215053763,0.8911290322580645,2.5865994623655912,0.9368279569892473,3.1853897849462363,QRF,mwp,12h,5,,20.0
0.4781977750218422,0.6233134524284872,0.14649590012812114,0.2929918002562423,0.8545197740112994,1.803673245720306,0.9364406779661016,2.4544465557024493,0.9675141242937854,3.0044647660521604,QR,mwp,12h,6,0.014124293785310734,
0.5504519774011299,0.6947606587029492,0.16673340395480227,0.33346680790960453,0.8432203389830508,1.8933757062146892,0.9265536723163842,2.4401553672316387,0.961864406779661,2.9747881355932204,QRF,mwp,12h,6,,20.0
1.1541174725424155,1.4183355791401773,0.3336580859353795,0.667316171870759,0.7862903225806451,3.225685362983193,0.8870967741935484,4.381575719800891,0.9516129032258065,5.342282087738614,QR,mwp,24h,1,0.0,
1.1153763440860216,1.4352090440071785,0.33501561207609587,0.6700312241521917,0.8198924731182796,3.6762499999999996,0.9193548387096774,4.651357526881721,0.9650537634408602,5.504758064516129,QRF,mwp,24h,1,,20.0
1.1401472253567102,1.493118498628564,0.3434713926578133,0.6869427853156266,0.7916666666666666,3.4445334622386357,0.9211309523809523,4.40492639269749,0.9494047619047619,5.268907849079659,QR,mwp,24h,2,0.0,
1.1268154761904763,1.4842110498430439,0.34229864926739934,0.6845972985347987,0.8229166666666666,3.509255952380952,0.9122023809523809,4.64357142857143,0.9389880952380952,5.629880952380952,QRF,mwp,24h,2,,20.0
1.160370149891144,1.5093905059073849,0.3605064365230846,0.7210128730461692,0.7043010752688172,3.1185882873575497,0.7876344086021505,3.9584699955691662,0.8629032258064516,4.698013338070083,QR,mwp,24h,3,0.0013440860215053765,
1.2795967741935483,1.6349733646839042,0.3942402036807279,0.7884804073614557,0.6505376344086021,3.2413306451612907,0.760752688172043,4.322701612903226,0.8575268817204301,5.289072580645161,QRF,mwp,24h,3,,40.0
1.0223157843888444,1.3340851590748417,0.3120928565834432,0.6241857131668864,0.7527777777777778,3.0278526967541057,0.8666666666666667,3.8751581710795246,0.9166666666666666,4.654250663767144,QR,mwp,24h,4,0.004166666666666667,
1.093375,1.455307575356113,0.3423560363247864,0.6847120726495728,0.7083333333333334,2.8945,0.8291666666666667,3.695222222222222,0.8722222222222222,4.368527777777778,QRF,mwp,24h,4,,40.0
0.9039739762738122,1.1802104090096663,0.2717503412687789,0.5435006825375578,0.7526881720430108,2.656910757395535,0.8481182795698925,3.4173764610523323,0.9206989247311828,4.17241412381118,QR,mwp,24h,5,0.0,
0.9148655913978494,1.2043219660246434,0.27993721567411084,0.5598744313482217,0.7056451612903226,2.5623790322580646,0.8682795698924731,3.292661290322581,0.9381720430107527,3.919395161290322,QRF,mwp,24h,5,,20.0
0.6995082922854426,0.8786184837961297,0.21397624769116283,0.42795249538232566,0.8376436781609196,2.7059084741398216,0.9310344827586207,3.4458984408407054,0.9655172413793104,4.157979126691487,QR,mwp,24h,6,0.004310344827586207,
0.8205172413793103,1.0132470282363946,0.24473126657824934,0.4894625331564987,0.728448275862069,2.2164080459770115,0.8548850574712644,2.943031609195403,0.8951149425287356,3.5716666666666663,QRF,mwp,24h,6,,20.0
1.1500665336260216,1.3573659135780827,0.32932465217197193,0.6586493043439439,0.8508064516129032,3.9067749625388344,0.9489247311827957,5.145908461677696,0.9905913978494624,6.273817460614142,QR,mwp,48h,1,0.004032258064516129,
1.1264381720430108,1.3823124714829147,0.3308021608767576,0.6616043217535152,0.8400537634408602,3.9038037634408598,0.9301075268817204,4.9867069892473115,0.978494623655914,5.845806451612904,QRF,mwp,48h,1,,40.0
1.1276037558271832,1.4854436550592336,0.35291717479874546,0.7058343495974909,0.8407738095238095,4.091600806731607,0.9241071428571429,5.213069185939652,0.9672619047619048,6.127143598086361,QR,mwp,48h,2,0.0,
0.9823511904761905,1.2553851856246012,0.30826751373626377,0.6165350274725275,0.8422619047619048,3.761904761904762,0.9300595238095238,4.984255952380953,0.9732142857142857,6.015119047619048,QRF,mwp,48h,2,,40.0
1.3762240340808902,1.6946817824898985,0.4113268950701492,0.8226537901402984,0.6384408602150538,3.673610993110253,0.771505376344086,4.654904886348588,0.9045698924731183,5.459703508677965,QR,mwp,48h,3,0.0013440860215053765,
1.609435483870968,1.9592355734464564,0.4640608457402813,0.9281216914805626,0.6948924731182796,3.8121505376344085,0.8293010752688172,4.808266129032258,0.8884408602150538,5.682043010752689,QRF,mwp,48h,3,,40.0
1.3244176677461352,1.6557675414363804,0.39948653144045043,0.7989730628809009,0.6694444444444444,3.3965487526594997,0.7583333333333333,4.20768894933744,0.8305555555555556,4.872204928275102,QR,mwp,48h,4,0.0,
1.5454861111111111,1.8751630669831831,0.4735665064102564,0.9471330128205128,0.5972222222222222,3.313819444444445,0.7263888888888889,4.203625000000001,0.8069444444444445,4.983611111111111,QRF,mwp,48h,4,,40.0
1.0953313649079046,1.3481942099837403,0.31700793640014463,0.6340158728002893,0.7405913978494624,3.1726229004784554,0.8776881720430108,4.004082212051893,0.9610215053763441,4.7237191404162555,QR,mwp,48h,5,0.0,
1.2320967741935482,1.4692078730368785,0.3546249224565756,0.7092498449131512,0.6612903225806451,2.8470833333333334,0.7876344086021505,3.5576881720430107,0.8655913978494624,4.12866935483871,QRF,mwp,48h,5,,20.0
0.8332691637651602,1.083330902540982,0.2585118455606639,0.5170236911213278,0.8169642857142857,3.108153787902419,0.8854166666666666,3.828564888150565,0.9315476190476191,4.464722160765689,QR,mwp,48h,6,0.005952380952380952,
0.9251190476190475,1.1516131284502829,0.3005638450091575,0.601127690018315,0.6741071428571429,2.7661011904761907,0.7708333333333334,3.348050595238095,0.8467261904761905,3.808348214285714,QRF,mwp,48h,6,,20.0
